Fiscal Year,2008 Dec,2009 Mar,2009 Jun,2009 Sep,2009 Dec,2010 Mar,2010 Jun,2010 Sep,2010 Dec,2011 Mar,2011 Jun,2011 Dec,2012 Dec,2013 Dec,2014 Dec,2015 Jun,2015 Sep,2015 Dec,2016 Mar,2016 Jun,2016 Sep,2016 Dec,2017 Mar,2017 Jun,2017 Sep,2017 Dec,2018 Mar,2018 Jun,2018 Sep,2018 Dec,2019 Mar,2019 Jun,2019 Sep
Revenue,,,,,,,,,,,,,,,,,,,,,,,,,,,,,,,,,
ARR ($M),,13,16,20,25,30,36,41,46,51,57,,,,,135,138,140,192,213,207,213,27,31,34,33,37,35,29,30,38,28,27
Subscription,,,,,,,,,,,,,,,,,,,,,,,"6,984","7,984","8,671","8,420","9,452","8,920","7,392","7,560","9,712","7,079","6,772"
Services,,,,,,,,,,,,,,,,,,,,,,,"50,115","51,050","52,966",,"54,574","68,814","70,290",,"71,503","114,431","118,824"
Total Revenue,,"3,313","4,227","5,155","6,419","7,623","9,062","10,322","11,556","12,843","14,399",,,,,"33,972","34,553","35,065","48,115","53,435","51,948","53,488","57,099","59,034","61,637","61,692","64,026","77,734","77,682","76,966","81,215","121,510","125,596"
Current Quarter Revenue Growth,,,,,,130%,114%,100%,80%,68%,59%,,,,,,,,,57%,50%,53%,19%,10%,19%,15%,12%,32%,26%,25%,27%,56%,62%
Growth Persistance,,,,,,,,,,53%,51%,,,,,,,,,,,,,18%,37%,29%,65%,302%,140%,161%,221%,178%,237%
Gross Profit,,,,,,,,,,,,,,,,,,,,,,,,,,,,,,,,,
Cost of Revenue,,"1,649","1,958","2,447","2,900","3,479","3,970","4,261","4,574","4,665","5,646",,,,,"9,800","9,774","9,196","14,755","15,864","15,459","14,859","17,355","18,311","17,590","16,811","18,312","23,057","21,828","22,186","20,779","33,477","39,967"
Gross Profit,,"1,664","2,269","2,708","3,519","4,144","5,092","6,061","6,982","8,178","8,753",,,,,"24,172","24,779","25,869","33,360","37,571","36,489","38,629","39,744","40,723","44,047","44,881","45,714","54,677","55,854","54,780","60,436","88,033","85,629"
Gross Margin,,50%,54%,53%,55%,54%,56%,59%,60%,64%,61%,,,,,71%,72%,74%,69%,70%,70%,72%,70%,69%,71%,73%,71%,70%,72%,71%,74%,72%,68%
Operating Income/Loss,,,,,,,,,,,,,,,,,,,,,,,,,,,,,,,,,
Research & Development,,"1,342","1,464","1,580","1,824","2,213","2,760","3,008","2,887","3,451","4,259",,,,,"7,448","7,123",,"8,736","8,380","8,156","8,026","10,327","10,927","12,781","12,125","12,519","15,719","14,914","14,315","15,807","27,879","28,753"
R&D %,,41%,35%,31%,28%,29%,30%,29%,25%,27%,30%,,,,,22%,21%,,18%,16%,16%,15%,18%,19%,21%,20%,20%,20%,19%,19%,19%,23%,23%
Sales & Marketing,,"5,293","4,119","6,640","5,015","9,165","7,299","8,869","7,765","8,760","7,598",,,,,"13,570","12,860","12,860","16,882","17,323","18,864","19,302","23,071","22,963","22,131","21,133","25,936","30,476","30,012","30,495","31,186","48,850","50,107"
S&M %,,160%,97%,129%,78%,120%,81%,86%,67%,68%,53%,,,,,40%,37%,37%,35%,32%,36%,36%,40%,39%,36%,34%,41%,39%,39%,40%,38%,40%,40%
General & Administrative,,557,653,614,661,"1,058",975,879,"1,297","1,320","1,558",,,,,"7,624","10,273","11,792","11,420","10,389","9,059","10,202","12,769","10,954","9,676","9,463","14,460","13,460","11,159","11,468","20,989","17,567","16,226"
G&A %,,17%,15%,12%,10%,14%,11%,9%,11%,10%,11%,,,,,22%,30%,34%,24%,19%,17%,19%,22%,19%,16%,15%,23%,17%,14%,15%,26%,14%,13%
Total Operating Expense,,"7,192","6,236","8,834","7,500","12,436","11,034","12,756","11,949","13,531","13,415",,,,,"28,648","30,480","31,357","37,811","36,124","36,108","-35,008","23,533","22,954","22,847","22,442","24,789","29,305","27,731","28,072","33,580","51,311","51,332"
Net Income,,"-5,387","-3,836","-6,074","-3,928","-8,219","-5,894","-6,658","-4,992","-5,337","-4,652",,,,,"-4,820","-5,966","-4,599","-4,696","1,160",107,-670,"7,595","-6,380","-3,603","-1,614","11,944","-5,687",586,719,"2,003","-11,274","-13,956"
Cash Flow,,,,,,,,,,,,,,,,,,,,,,,,,,,,,,,,,
Deprecation & Amoritization,,,,,,,,,,,,,,,,,"3,458","3,338","4,339","4,039","3,849","3,642","4,884","5,508","5,647","5,692","6,077","11,686","11,859","12,164","11,149","23,065","23,471"
Cash from operating activites,,,,,,,,,,,,,,,,,"1,993","4,634","-6,757","5,084","5,037","9,801","7,561","2,872","6,898","13,864","3,291","13,555","16,968","19,776","18,744","20,276","29,268"
Capex,,,,,,,,,,,,,,,,,,,,-885,-906,"-2,867","-6,568","-3,471","-1,905","-6,657","-4,538","-4,507","-6,632","-3,205","-2,758",,
Free Cash Flow,,,,,,,,,,,,,,,,,"-1,374","3,199","-8,681","4,199","4,131","6,934",993,-599,"4,993","8,457",3,"9,048","14,836","16,571","15,986","17,011","25,781"
Free Cash Flow %,,,,,,,,,,,,,,,,,-4%,9%,-18%,8%,8%,13%,2%,-1%,8%,14%,0%,12%,19%,22%,20%,14%,21%
Cash,,,,,,,,,,,,,,,,,,,,,,,,,,,,,,,,,
Cash,,,,,"28,276",,,,"13,855",,"16,243","59,842","55,331","65,386","61,115",,,"64,936",,"43,203","49,107","59,152","41,813","125,099","119,425","128,231","71,009","70,982","200,981","198,087","252,602","83,378","98,537"
Short Term Investments,,,,,"6,739",,,,"10,000",,,"12,684",,,,,,,,,,,,,,,,,,,,,
Debt,,,,,,,,,,,,,,,,,,,,,,,,,,,,,,,,,
Short Term Debt,,,,,,,,,,,,,,,,,,,,,,,,,,,,,"116,640",,,,
Long Term Debt,,,,,,,,,,,,,,,,,,,,,,,"39,063","108,782","110,294","111,819","203,398","194,992",,"118,305","645,371","598,301","590,789"
Total Debt,,,,,,,,,,,,,,,,,,,,,,,"39,063","108,782","110,294","111,819","203,398","194,992","116,640","118,305","645,371","598,301","590,789"
Other Key Metrics,,,,,,,,,,,,,,,,,,,,,,,,,,,,,,,,,
Net Dollar Retention,81%,,,,79%,,80%,,83%,,83%,82%,84%,84%,83%,83%,84%,84%,85%,86%,86%,86%,86%,86%,86%,87%,87%,86%,86%,86%,85%,83%,84%
Customers,281,,,,590,,782,,951,,1114,1223,1431,1513,,,,,,,,,,,,,,,,,,,
Magic Number,,,,,0.8x,0.8x,0.8x,0.8x,0.7x,0.7x,0.7x,0.7x,0.7x,0.7x,0.7x,0.7x,0.7x,0.6x,0.9x,1.0x,1.0x,1.0x,1.0x,1.0x,0.9x,0.8x,0.9x,0.7x,0.6x,0.7x,0.8x,2.6x,2.0x
LTM Magic Number,,,,,0.78,0.83,0.79,0.77,0.74,0.73,0.73,0.73,0.73,0.73,0.73,0.73,0.67,0.63,0.91,0.96,0.99,0.96,1.01,1.01,0.94,0.84,0.87,0.71,0.63,0.67,0.78,2.61,2.02
LTM CAC Ratio,,,,,0.43,0.45,0.44,0.45,0.45,0.47,0.44,,,,,0.52,0.48,0.46,0.63,0.68,0.69,0.69,0.7,0.7,0.67,0.61,0.62,0.5,0.45,0.48,0.58,1.89,1.38
Current CAC Ratio,,,0.37,0.47,0.42,0.52,0.35,0.41,0.34,0.42,0.43,,,,,,0.12,0.12,2.81,0.89,,0.24,0.52,0.23,0.32,0.01,0.32,1.49,,,0.41,3.74,0.23
ARR Per Employee ($K),,,,,,,,,,,,,,,,,,,,,,,,,,37,41,38,31,32,40,31,46
